x1, x2, x3, classe
0.4277,0.9555,0.0000,C
0.8606,0.6779,0.0033,C
0.3890,0.2369,0.0083,B
0.3866,0.8390,0.0232,C
0.1460,0.1637,0.0249,A
0.2306,0.0330,0.0293,A
0.5899,0.9408,0.0369,C
0.7644,0.5964,0.0407,C
0.7954,0.8346,0.0449,C
0.2860,0.0793,0.0549,A
0.3216,0.5420,0.0677,B
0.9123,0.3510,0.0682,C
0.2401,0.6964,0.0751,B
0.3408,0.5115,0.0783,B
0.5949,0.2600,0.0810,B
0.1009,0.4190,0.0826,B
0.1516,0.9824,0.0827,B
0.0068,0.0545,0.0861,A
0.7858,0.5115,0.0916,C
0.3371,0.7819,0.0959,C
0.1665,0.7449,0.0997,B
0.6226,0.2146,0.1021,B
0.9123,0.0000,0.1106,B
0.6553,0.2609,0.1188,B
0.2702,0.8617,0.1218,C
0.3694,0.2212,0.1233,B
0.4343,0.6028,0.1344,C
0.7496,0.0410,0.1360,B
0.8180,0.0023,0.1439,B
0.0339,0.4669,0.1526,B
0.2453,0.5888,0.1559,B
0.6843,0.3737,0.1562,C
0.3471,0.8889,0.1564,C
0.5170,0.9266,0.1565,C
0.9259,0.0960,0.1645,B
0.0108,0.3538,0.1810,B
0.8675,0.5571,0.1849,C
0.9885,0.6229,0.2085,C
0.8312,0.0961,0.2129,B
0.1224,0.4662,0.2146,B
0.2636,0.9885,0.2175,C
0.4589,0.3147,0.2236,B
0.2858,0.9688,0.2262,C
0.7137,0.0670,0.2359,B
0.1380,0.5881,0.2367,B
0.5700,0.5111,0.2418,C
0.3332,0.9303,0.2475,C
0.8176,0.0358,0.2506,B
0.3621,0.5295,0.2521,C
0.9893,0.7637,0.2526,D
0.8886,0.0288,0.2604,B
0.8914,0.9144,0.2641,D
0.7408,0.5351,0.2732,C
0.8621,0.7353,0.2742,D
0.2942,0.1625,0.2745,B
0.8702,0.3185,0.2762,C
0.2752,0.8414,0.2797,C
0.0259,0.7634,0.2889,B
0.5515,0.1364,0.2894,B
0.7881,0.9833,0.3038,D
0.2026,0.3300,0.3054,B
0.5915,0.5588,0.3055,C
0.9931,0.6727,0.3139,D
0.1016,0.6382,0.3173,B
0.0023,0.9659,0.3182,B
0.8174,0.8422,0.3229,D
0.0036,0.1940,0.3274,B
0.4211,0.2668,0.3307,C
0.7318,0.1877,0.3311,C
0.6796,0.4117,0.3370,C
0.2007,0.1163,0.3431,B
0.2378,0.0817,0.3574,B
0.1174,0.5436,0.3657,B
0.0838,0.5472,0.3758,B
0.6027,0.1468,0.3759,C
0.9572,0.9836,0.3793,D
0.7072,0.1721,0.3812,C
0.3726,0.9988,0.3814,C
0.5861,0.6693,0.3818,C
0.2212,0.4664,0.3821,B
0.9991,0.5914,0.3933,D
0.3644,0.2948,0.3937,C
0.8799,0.7998,0.3972,D
0.2591,0.0582,0.3978,B
0.2575,0.5358,0.4028,C
0.2888,0.6593,0.4078,C
0.5762,0.8292,0.4116,D
0.0080,0.8988,0.4201,C
0.0682,0.9624,0.4211,C
0.8203,0.0682,0.4260,C
0.0173,0.9548,0.4289,C
0.0609,0.1702,0.4306,B
0.6950,1.0000,0.4321,D
0.5849,0.6019,0.4376,C
0.9567,0.3034,0.4425,C
0.7849,0.9981,0.4449,D
0.9532,0.6949,0.4451,D
0.2204,0.1785,0.4607,B
0.7780,0.4491,0.4614,C
0.8477,0.6378,0.4623,D
0.4039,0.0645,0.4629,B
0.9108,0.2139,0.4641,C
0.9323,0.0229,0.4797,C
0.1261,0.6181,0.4927,C
0.1325,0.2082,0.4934,B
0.6365,0.5562,0.4965,D
0.8359,0.4145,0.5016,D
0.1712,0.0545,0.5033,B
0.6937,0.6685,0.5075,D
0.6057,0.9901,0.5141,D
0.2907,0.7245,0.5165,C
0.3209,0.6229,0.5233,C
0.8429,0.1704,0.5251,C
0.6112,0.6014,0.5254,D
0.9053,0.6245,0.5264,D
0.9281,0.8356,0.5285,D
0.7616,0.4698,0.5337,D
0.1908,0.8046,0.5402,C
0.1203,0.3260,0.5419,B
0.2108,0.4910,0.5432,C
0.5716,0.2958,0.5477,C
0.7683,0.0067,0.5546,C
0.2435,0.0794,0.5551,B
0.7473,0.6507,0.5582,D
0.0461,0.7745,0.5632,C
0.3710,0.3554,0.5633,C
0.5252,0.6529,0.5729,D
0.8146,0.6378,0.5837,D
0.6441,0.2097,0.5847,C
0.3385,0.0476,0.5941,B
0.2650,0.0161,0.5947,B
0.3156,0.3851,0.5983,C
0.0803,0.3799,0.6020,B
0.3567,0.2967,0.6037,C
0.6937,0.3967,0.6055,D
0.2245,0.0971,0.6136,B
0.9955,0.8897,0.6175,D
0.8313,0.7566,0.6192,D
0.8149,0.0396,0.6227,C
0.9763,0.1102,0.6227,C
0.1427,0.0480,0.6267,B
0.6112,0.9070,0.6286,D
0.8439,0.4631,0.6345,D
0.3974,0.5275,0.6457,C
0.9612,0.6898,0.6630,D
0.2010,0.9573,0.6791,C
0.6954,0.5500,0.6801,D
0.8597,0.3284,0.6932,D
0.3667,0.3228,0.6952,C
0.1366,0.6357,0.6967,C
0.7355,0.8264,0.7015,D
1.0000,0.1653,0.7103,C
0.9670,0.3031,0.7127,D
0.6345,0.5165,0.7139,D
0.0303,0.9191,0.7233,C
0.2820,0.5409,0.7256,C
0.9189,0.5930,0.7288,D
0.0271,0.7788,0.7445,C
0.4868,0.6223,0.7462,D
0.9295,0.3275,0.7536,D
0.2435,0.2163,0.7625,C
0.0350,0.3653,0.7801,C
0.4094,0.1726,0.7803,C
0.3742,0.9668,0.8194,D
0.7071,0.7704,0.8328,D
0.6462,0.6761,0.8340,D
0.1185,0.5084,0.8376,C
0.5497,0.6319,0.8382,D
0.6282,0.1404,0.8474,C
0.4145,0.5797,0.8599,D
0.5959,0.8647,0.8601,D
0.0061,0.0802,0.8621,B
0.4011,0.4138,0.8715,C
0.0000,0.7763,0.8735,C
0.2404,0.5411,0.8754,C
0.0382,0.5515,0.8818,C
0.0030,0.7585,0.8928,C
0.7841,0.0778,0.9012,C
0.7931,0.8993,0.9028,D
0.4241,0.1850,0.9066,C
0.8398,0.1360,0.9119,C
0.8762,0.2498,0.9167,D
0.9008,0.7264,0.9184,D
0.1555,0.5599,0.9221,C
0.5693,0.0242,0.9293,C
0.6847,0.4062,0.9318,D
0.9677,0.7895,0.9467,D
0.9359,0.0366,0.9514,C
0.2524,0.7688,0.9523,D
0.9293,0.8319,0.9664,D
0.1871,0.7682,0.9697,C
0.1845,0.7906,0.9725,C
0.7268,0.1440,0.9753,C
0.4395,0.0501,0.9761,C
0.2014,0.6326,0.9782,C
0.3438,0.6725,0.9821,D
0.8657,0.9448,0.9900,D
0.3625,0.1592,0.9981,C
0.2706,0.3222,0.9996,C
0.6793,0.6774,1.0000,D
